{
  "type": "minecraft:stonecutting",
  "ingredient": [
    {"item": "minecraft:deepslate"},
    {"item": "minecraft:polished_deepslate"},
    {"item": "minecraft:chiseled_deepslate"},
    {"item": "minecraft:deepslate_bricks"},
    {"item": "minecraft:cracked_deepslate_bricks"},
    {"item": "minecraft:deepslate_tiles"},
    {"item": "minecraft:cracked_deepslate_tiles"},

    {"item": "minecraft:cobbled_deepslate_stairs"},
    {"item": "minecraft:polished_deepslate_stairs"},
    {"item": "minecraft:deepslate_brick_stairs"},
    {"item": "minecraft:deepslate_tile_stairs"},

    {"item": "minecraft:cobbled_deepslate_wall"},
    {"item": "minecraft:polished_deepslate_wall"},
    {"item": "minecraft:deepslate_brick_wall"},
    {"item": "minecraft:deepslate_tile_wall"}
  ],
  "result": {
    "id": "minecraft:cobbled_deepslate",
    "count": 1
  }
}
