{
  "type": "minecraft:stonecutting",
  "ingredient": [
     {"item": "minecraft:smooth_stone"},
     {"item": "minecraft:stone_bricks"},
     {"item": "minecraft:mossy_stone_bricks"},
     {"item": "minecraft:cracked_stone_bricks"},
     {"item": "minecraft:chiseled_stone_bricks"},

     {"item": "minecraft:stone_stairs"},
     {"item": "minecraft:stone_brick_stairs"},

     {"item": "minecraft:stone_brick_wall"},

     {"item": "minecraft:stone_button"}
  ],
  "result": {
    "id": "minecraft:stone",
    "count": 1
  }
}
